41.98-65.38,38.78-49.80,27.18-36.18,19.32-26.85,68.88-86.68,21.88-26.85,84.28-194.28,37.18-56.38,76.88-104.88,57.38-70.48,44.98-56.98,45.98-46.88,34.18-42.78,45.38-53.28,195.28-275.34,61.98-70.88,144.88-172.23,36.38-36.38,22.68-23.73,83.68-86.98,81.28-82.28,18.98-21.85,100.98-100.98,92.98-92.98,69.28-82.86,50.80-50.80,135.78-177.39,58.80-61.80,69.00-83.50,56.80-75.00,76.98-76.98,51.38-51.38,75.00-79.00,33.58-33.58,59.78-63.48,53.00-62.00,79.08-79.08,100.00-150.00,42.80-42.80,100.00-110.00,39.98-39.98
220.80-298.80,212.80-319.80,181.80-259.80,366.80-500.70,289.80-309.80,341.80-373.80,279.80-286.80
37.98-125.98,45.68-127.98
16.69-29.21
24.19-31.99
109.80-109.80
23.29-52.99,11.99-12.59,18.99-27.99,27.99-37.99,17.28-25.98,21.98-28.98,21.99-27.99,12.59-15.59,13.99-16.99,15.98-19.98,15.29-18.29,8.39-9.99,15.59-18.59,13.19-14.69,17.98-19.98,50.90-64.90
42.69-54.99,69.99-86.39,29.39-40.99,38.98-47.98,27.88-33.98,82.80-242.80,100.00-178.80,26.68-32.98,19.88-26.38,35.98-61.68,42.39-60.39,76.69-93.69,45.59-58.59,35.98-43.98,58.39-68.39,196.80-256.80,26.38-33.98,86.99-128.89,96.80-126.80,143.89-146.89,48.88-63.38,49.99-53.69,63.38-64.38,23.18-42.98,85.89-108.89,42.10-75.00,75.00-98.00,39.98-39.98,69.50-82.00,75.00-85.80,26.38-29.98,143.89-143.89,46.99-50.99,30.58-30.58,179.80-179.80,28.18-36.98,105.00-143.00,85.80-171.80,86.99-92.99,84.99-85.99,83.99-89.99,146.89-146.89,94.00-175.00,81.00-86.00,106.80-115.80,68.50-68.50,62.50-75.50,96.80-98.50,86.80-88.00
39.48-58.78,30.78-47.48,43.08-64.28,29.28-35.48,69.98-135.38,85.28-181.88,102.80-129.90,21.18-29.98,28.98-34.18,42.58-70.78,23.98-33.18,27.68-33.28,142.98-189.88,139.88-319.88,29.98-38.18,57.68-78.98,34.68-45.98,47.18-65.18,98.48-229.88,23.28-31.28,45.88-59.88,59.98-116.08,39.98-57.98,54.88-72.68,227.88-307.88,65.88-128.88,103.00-124.80,49.98-62.28,222.88-245.88,39.98-41.98,98.88-102.88,50.68-62.38,89.58-156.08,43.98-59.98,148.00-388.00,123.80-220.00,49.80-79.80,68.50-119.80,45.90-56.80,72.00-103.00,50.98-50.98,208.00-378.00,86.00-188.00,37.60-49.30,69.80-98.80,179.98-179.98,168.00-278.00,132.00-199.00,58.00-68.00,288.00-400.00,360.00-1688.00,428.00-428.00,172.00-345.00,298.00-298.00,52.68-52.68,75.00-95.00,82.80-88.00,115.00-115.00,225.00-268.00,165.18-173.58,298.00-398.00,130.00-190.00,48.00-48.00,56.00-61.80,98.80-138.00,75.00-75.00,121.70-159.00,175.80-175.80,158.80-368.00
17.98-25.98,22.00-33.28,16.98-27.68,11.99-16.99,22.98-37.68,16.98-25.28,12.79-17.59,12.78-17.68,7.38-10.88,24.98-32.88,9.98-16.98,24.68-32.98,9.98-16.69,18.28-24.98,17.99-26.79,9.78-11.28,27.38-29.98
8.98-12.99,11.58-14.38,7.99-12.99,8.98-14.48,19.78-31.48,4.49-5.08,21.98-27.95,7.98-11.59,12.99-16.99,13.69-20.69,6.98-9.38,14.99-19.98,8.99-13.99,16.98-21.98,5.99-7.99,12.99-20.99,3.79-4.79,9.99-13.99,6.49-8.19,10.38-16.48,22.07-23.07,8.98-10.98,10.39-15.39,7.59-10.29,10.58-14.58,15.38-17.58
7.08-11.58,5.08-8.08,6.08-10.88,5.68-8.08,3.68-6.08,4.28-7.28,6.98-11.78,4.98-5.98,5.48-6.48
97.30-245.80,126.50-247.30,91.30-190.80,54.50-98.60,54.50-92.50,88.80-179.80,116.80-248.30,90.00-108.00,96.80-145.00,86.80-101.20,135.00-175.00,100.00-139.00,165.00-188.00,72.70-111.80,2438.00-2438.00,360.00-460.00
15.97-22.57,18.77-27.37,11.77-16.97,16.97-24.37,8.97-13.07,13.97-14.97,10.99-14.99,8.47-10.77,24.97-25.97,16.60-18.80
8.98-13.88,14.99-18.99,6.68-9.78,12.68-15.28,6.98-10.59,8.68-8.68,18.98-18.98,19.68-22.88,18.38-19.38
10.49-14.69,4.99-9.59,8.79-12.29,11.99-16.39,12.99-17.19,16.99-19.99,6.99-9.99,15.99-17.59,6.99-9.99,7.68-11.98,18.49-21.69,7.99-11.99
15.98-26.99,29.80-39.80,69.80-128.80,14.98-16.99,10.60-12.60
5.58-5.58,7.38-7.98,9.99-11.99,8.49-10.39,7.98-7.98,15.89-18.99,11.08-12.68
251.80-306.60,275.10-346.00,246.20-246.20,495.00-555.80,285.00-530.00,219.70-238.50,298.00-298.00,278.00-358.00,288.00-300.00,278.00-458.00
4.58-4.98,6.59-8.99,3.74-7.03,3.70-4.10,3.94-7.05,5.98-9.98,4.39-4.49,10.38-11.38,4.08-5.38
7.77-10.48,9.98-16.17,8.06-9.94,9.01-11.56,5.17-7.58,7.93-8.08,10.78-11.08
12.98-15.58,16.98-30.28,9.68-13.08,35.88-37.88
5.38-6.98,3.98-6.68,5.18-6.08,5.98-7.53,3.58-3.98
4.48-5.58,3.68-4.18,10.98-13.40,3.18-4.68,4.38-5.18,5.98-5.98
7.49-8.99
5788.00-5788.00
20.78-30.19,62.00-62.00
78.80-78.80,78.80-128.80,89.80-138.80,52.80-79.80,95.80-118.80
12.98-14.98
10.69-15.49,7.29-10.39,11.39-13.39,6.99-10.99,9.19-11.69,10.39-11.99,8.29-13.39,9.49-12.89,4.99-6.79,6.39-8.79,5.29-8.09,16.59-21.39,5.59-8.09,2.98-7.48,11.99-16.99,4.98-8.18,7.79-11.19,10.69-12.69,17.58-20.78,4.39-5.29,12.99-13.99,15.99-20.09,8.98-9.88,13.29-14.29,15.79-18.89
6.99-10.59,7.77-12.99,8.59-15.29,8.68-15.48,5.99-10.99,3.49-4.94,5.25-6.95,5.39-8.29,7.98-16.08,6.59-7.89,4.99-8.49,4.78-5.48,5.99-6.49,5.99-7.69,3.99-10.08,15.99-17.99,13.18-13.98,14.98-15.49,11.98-12.28,16.68-16.68
9.78-20.78,8.68-13.88,6.88-11.28,8.68-11.78,25.18-26.78,25.68-26.68
5.19-6.52,3.59-6.38,5.85-7.71,6.85-9.25,6.05-7.40,3.99-5.59,9.28-14.18,4.89-7.79,4.76-6.38,3.49-3.94,13.58-13.98,3.99-5.09,3.29-4.53,3.99-5.04,6.19-7.89,6.68-6.98
4.10-5.18,3.96-5.08,5.20-6.52,4.07-5.48,3.30-3.43,4.62-5.99,4.80-5.64,3.21-4.25,5.93-6.77,4.39-5.88
3.28-4.00,3.68-4.20,4.38-4.58,6.80-6.80,4.18-4.38,11.98-11.98
43.68-46.98
12.98-18.02,9.88-15.70,12.89-19.29,9.99-16.19,18.59-31.39,18.69-30.99,21.58-31.18,18.59-28.29,29.99-45.99,16.58-22.38,13.58-20.49,11.49-16.09,8.69-11.59,59.18-82.18,11.49-15.99,9.99-12.39,24.68-30.18,34.00-63.90,28.99-43.99,28.68-39.98,15.18-19.48,14.29-19.69,7.98-10.68,23.58-29.58,12.88-19.28,24.68-34.38,11.39-15.89,42.80-101.00,24.59-30.59,26.58-29.28,20.98-37.28,24.38-39.28,24.39-25.39,11.29-16.29,23.98-35.08,14.89-14.89,14.77-16.88,35.50-38.20,19.99-27.99,24.98-25.98,25.39-26.89,13.68-14.68,78.80-92.80,14.89-17.19,24.08-24.08,26.80-28.80,67.98-67.98,30.18-30.18,26.80-26.80,19.99-27.29,19.48-19.48
5.99-9.99,6.99-13.59,6.99-12.98,5.99-9.49,7.99-17.69,10.49-13.79,11.89-22.99,12.69-22.99,5.99-7.09,10.29-11.89,9.99-13.19,9.49-9.69,4.89-15.18,6.69-8.69,8.49-10.99,15.79-16.99,13.99-24.07,7.99-8.69,7.58-7.58
7.99-12.30,3.69-5.19,6.59-9.69,12.59-21.59,9.98-13.98,5.48-7.48,5.99-7.09,9.29-12.09,16.99-16.99,12.98-15.98,6.18-7.38
8.98-14.39,6.99-10.09,7.49-10.89,6.97-15.47,7.59-9.39,6.39-8.19,8.59-10.99,13.58-15.98,5.97-8.57,14.98-15.98
10.59,8.99-13.99,4.99-7.89,6.99-9.99,17.15-19.15
5.18-6.18,3.89-5.19,3.59-4.89,4.09-5.39,2.89-3.39,2.89-3.59,3.19-3.79,2.59-3.49,5.58-5.98,4.39-5.69,8.29-10.79,5.08-5.38,4.98-5.28,4.99-5.39,5.05-5.45,4.69-5.09,5.48-5.48
8.98-17.98,10.38-28.58,7.78-12.78,11.78-28.98,8.48-15.18,23.38-23.38,16.88-17.08,14.98-14.98,22.96-22.96,18.80-48.00,3.98-4.55,35.00-35.00,26.98-26.98,29.98-29.98
43.80-185.00,27.49-37.29,45.80-76.80,43.80-72.00,63.60-63.60,53.80-55.80
22.99-31.99
10.35-13.55
8.49-12.19,5.99-9.59
6.68-8.78,8.98-12.63,20.40-21.40
12.98-13.98
17.98-27.98,23.98-32.58,17.48-25.88,19.98-28.98,10.98-15.98,17.18-24.18,11.38-15.28,7.78-10.38,7.38-11.18,49.48-50.48,14.18-18.08,45.50-85.80,69.80-142.00,14.58-17.68,25.08-37.48,48.00-69.80,7.18-10.78,7.98-10.58,81.90-87.30,43.80-58.80,29.80-52.00,20.78-23.08,50.00-64.50,80.50-87.30,27.78-28.78,20.38-21.88,22.58-24.98,55.60-84.80,14.98-18.98,48.50-69.00,50.80-58.80,59.80-98.80,35.80-48.00,35.80-45.80,36.38-61.00,125.00-130.00,22.58-25.38,41.84-55.89,45.00-52.00,60.00-60.00,66.80-66.80,42.00-42.00,99.00-99.00,49.80-62.00,78.00-130.00
10.88-15.38,22.98-38.98,30.98-39.98,16.98-21.88,12.64-19.80,16.98-24.98,19.28-27.98,27.58-37.48,16.36-27.58,22.89-28.89,17.69-27.58,8.08-11.68,10.98-16.48,41.28-59.18,36.98-39.58,52.38-118.00,35.00-52.00,13.98-15.38,45.80-58.00,32.80-36.00,24.28-37.88,42.80-46.80,42.80-43.30,95.00-99.00,168.00-168.00,17.98-22.30,95.00-95.00,120.00-120.00,29.98-29.98
9.78-22.98,7.46-10.85,10.48-19.58,7.16-10.66,9.98-19.00,7.78-19.88,4.70-6.15,4.00-14.56,7.47-15.39,4.19-5.89,5.39-6.59,5.88-9.59,4.03-5.64,6.19-6.79,7.78-10.78,3.68-5.18,10.23,7.19-7.99,8.88-12.48,13.90-16.70,26.47-29.72,3.28-3.48,10.08-15.15,12.66-12.66,11.98-18.38
408.00-449.90,298.80-341.80,485.90-530.00,314.50-473.20,238.00-238.00,398.80-398.80,263.80-263.80
20.98-26.18
11.38-16.38,7.78-15.18,5.58-9.18
6.88-9.58
6.08,5.69-6.69,9.58-13.28,3.39-4.59,11.08-11.08,16.68-16.98
11.28-11.28,11.58-11.58
17.98-26.48,8.98-15.18,10.98-15.98,15.58-26.28,7.68-11.38,10.88-16.88,10.98-16.98,15.68-22.68,7.38-11.58,16.38-19.38,13.68-14.68
9.89-15.39,13.88-16.38,10.98-15.98
13.98-20.58,15.96-23.96,22.96-34.96,15.48-18.08,16.48-17.48
16.98-19.28,12.98-13.98
143.00-218.00,155.00-238.00,62.80-76.80,123.00-153.00,146.00-149.00,75.00-85.00,243.00-243.00,120.00-120.00
2.59-2.98,8.88-11.28,5.29-5.98,5.79-6.18,3.68-4.58
6.88-8.38,6.58-8.18,11.58-13.98
68.00-80.00
22.98-24.98
9.80-15.49,6.60-9.29,11.99-15.59,11.18-15.18,20.98-27.28,7.99-11.90,7.98-13.00,7.59-9.59,14.20-18.00,11.99-15.49,7.39-11.50,10.78-13.68,18.38-25.68,7.89-11.29
18.38-24.98,14.58-19.08,30.98-53.98,27.58-45.98,25.28-31.78,50.98-72.98,500.00-500.00,22.58-26.58
7.99-13.69,6.98-10.98,6.88-9.28,12.58-14.98,3.98-12.38,7.98-12.89,10.68-14.98,16.28-17.58
7.88-15.68,5.98-10.68,7.99-13.59,22.98-24.98,18.98-20.98,5.98-6.98
10.58-19.68,10.68-13.78,7.28-16.58,6.68-11.18,10.18-11.38,6.28-8.98,10.28-11.18,25.98-25.98
11.58-11.58,6.98-16.18
15.98-24.38
25.98-40.00
16.53-24.68,20.88-20.88,21.08-29.28,18.98-22.13,22.30-25.80,7.28-16.58,7.18-9.28,70.80-70.80
5.98-6.98,6.98-8.38,6.38-8.58
11.37-14.97,8.88-14.68,6.98-9.88,7.78-13.98,6.89-9.99,10.36-14.26,13.68-17.98,4.99-6.89,7.58-11.98,7.78-11.68,7.58-11.08,14.88,4.99-7.39,9.98-12.88,13.58-19.58,10.99-15.99,13.58-15.98,16.98-18.38,15.98-19.28,3.99-5.79,17.58-21.68,12.58-14.98,15.28-16.48
7.99-14.29,7.70-13.90,6.99-12.29,9.99-15.29,7.69-12.99,6.49-9.59,9.29-12.99,14.98-16.98
17.98-31.98,23.98-40.98,13.98-22.98,42.99-55.99,52.99-71.49,12.98-19.08,30.98-32.28,52.00-62.00,43.40-55.00,85.00
8.48-11.58,5.98-9.48,9.98-15.98,5.95-7.55,6.79-8.79,6.48-9.58,7.58-9.88,9.99-16.38,8.88-16.28,13.95-16.65,10.98-13.98,10.97-21.78,8.68-12.78,9.35-10.95,5.78-7.68,8.98-13.98,8.95-13.95,19.95-25.95,7.28-9.98,13.95-15.95,13.95-14.55,8.35-8.95,14.99-17.59,17.28-20.88,18.95-18.95,6.18-8.29,3.24-3.65,7.18-8.38
8.48-11.28,10.68-13.68,6.58-9.28
37.58-57.88,28.98-38.06,45.58-58.28,47.58-78.78,88.80-106.80,58.20-91.80,28.18-38.58,43.68-44.80,63.08-71.68
6.18-9.38,8.88-27.78,4.68-5.88,6.99-9.63,3.39-4.68,4.88-6.18,5.38-7.33,5.08-6.38,6.25-10.89,9.48-25.28,3.55-4.81,3.87-5.08,4.58-5.68,7.59-10.29,2.59-2.59,5.78-6.18,6.68-9.48,4.39-4.69,3.99-4.39,2.89-3.39,7.18-11.68,3.14-3.68,4.52-5.27,2.79-3.35
9.58-13.90,10.78-17.63,13.48-21.18,8.28-10.93,9.68-13.63,8.98-12.22,10.98-11.98,12.08-12.91,30.98-32.98,9.48-10.68,9.08-10.00,7.58-9.74,9.95-11.74,20.60-24.68
12.98-18.28,15.00-19.00
5.38-6.38,5.68-6.68,6.68-8.38,8.98-13.28
12.18-17.88,12.98-31.28,14.78-21.60,23.98-25.98,8.58-10.18
6.75-9.58,7.58-18.80,17.70-18.90,13.88-25.00
7.08-10.78,9.28-15.98,75.00-75.00,16.68-22.88
77.80-118.00
25.97-39.17,38.97-55.27,27.97-34.17,32.97-47.27,37.97-48.97,23.97-25.97,168.00-358.00,148.80-148.80,188.00-188.00,168.00-188.00,55.88-65.88
3.99-6.88,4.99-6.69,3.45-4.64,3.29-6.24,8.98-12.28,19.88-20.88,12.68-14.88,10.28-11.58,3.40-4.30
6.39-7.59,5.89-8.49,7.89-10.49,5.29-8.06,13.98-14.58
49.69-49.69,49.69-49.69,39.99-49.19
2650.00-2650.00,2635.00-2635.00
139.80-139.80
14.88-16.88,10.48-10.88,24.98-24.98,8.80-8.80
54.80-62.80,89.80-138.00
7.58-9.88,10.88-11.28
17.58-23.58,15.08-20.18,11.86-14.56,11.38-24.88,11.98-18.88,16.87-19.87,19.27-23.88,16.97-19.97
29.00-48.30,39.00-81.00,30.40-54.20,25.90-38.60,87.80-118.00,21.50-28.20,129.10-141.70,148.00-180.00,115.50-126.50,29.80-41.30,116.60-146.60,44.60-49.60,86.00-117.00,146.00-235.00,36.20-38.50,139.00-200.00,65.50-69.80
24.68-34.58,38.88-51.88,50.98-75.98,27.98-37.68,25.58-36.98,36.08-55.58,109.80-129.80,62.88-68.88,98.00-253.00,189.00-189.00,123.00-203.00,81.88-81.88,88.00-88.00,52.60-52.60,148.00-148.00,33.08-48.58
122.50-321.30,90.48-189.80,35.68-45.58,66.98-83.78,57.28-87.88,77.80-95.80,35.58-50.58,69.80-69.80,84.80-92.80,248.00-328.00,60.00-92.80,128.00-215.00,86.48-86.48,125.00-159.00,78.00-109.80,132.30-132.30,89.90-130.00,79.00-106.80,138.00-148.00,136.80-368.00,85.00-85.00,72.00-75.00
4.18-6.19,7.89-10.99,4.20-4.40,14.18-16.08,5.49-6.09,12.90-12.90
610.00-780.00,790.00-920.00,450.00-786.00,505.00-875.00,520.00-620.00
11.99-15.79,6.38-8.88,7.98-11.58,7.69-12.19,7.99-9.99
5.98-7.58,15.98-19.98,11.99-15.09
254.00-390.00,613.70-920.47,291.20-294.11
7.68-12.98,7.98-11.98,11.99-16.98,13.68-14.88,20.58-21.58,8.28-12.08
32.80-32.80
25.88-32.88,6.18-7.18,16.58-18.98,13.18-14.18,33.99-35.99
6.98-10.68,3.58-5.98,3.28-4.94,3.78-4.58,2.78-3.18,21.98-21.98,20.98-20.98
15.98-18.38
3.38-4.58
218.80-238.80,118.80-198.80,160.00-160.00,88.80-88.80,138.80-158.80
4.98-6.28,7.58-7.58,11.58-13.99
97.20-97.20,82.00-82.00
17.58-21.58
92.50-97.50
11.59-18.99,17.98-24.58,14.88-21.58,17.58-24.78,12.99-19.99,25.88-33.08,33.90-34.00
9.38-14.28,6.79-10.49,7.88-11.28,10.98-16.98,9.98-15.98,11.98-14.98,14.58-17.58,8.77-8.77,18.98-21.98,16.68-18.68
19.08-37.68,24.88-34.38,24.58-32.58,39.98-42.98,32.58-36.18,38.48-40.98
140.58-194.08,72.58-97.88,96.18-122.98,119.00-189.00,210.00-210.00,219.80-288.80,126.00-129.00,79.80-120.00,108.00-128.00,268.80-302.80,79.80-125.00,116.80-140.00
339.80-378.80,243.60-270.80,198.80-198.80,220.00-220.00,292.30-319.50,299.00-299.00,310.00-310.00,330.00-330.00
360.00-2000.00
248.00-248.00,88.00-89.36,323.75-417.19
385.00-518.00,158.80-158.80,258.80-258.80
6.54-10.68
5.99-12.08,6.68-13.98,13.98-19.98
16.98-16.98
6.98-8.48,7.18-8.88,10.39-14.39,11.48-15.03
32.80-46.00,22.98-34.98,69.80-84.80,27.98-37.98,39.98-45.98,289.00-289.00
2900.00-2900.00
145.00-145.00,33.80-41.80
8.88-15.99,5.99-11.09,12.49-15.99,7.99-14.98,4.99-8.58,4.69-6.79,6.99-9.99,7.59-11.39,5.98-7.88,5.99-7.99,10.88-14.39,14.98-18.98,8.88-12.38,9.38-10.68,15.98-15.98,15.99-17.19,10.98-15.48,6.68-7.88
11.99-14.89,10.88-13.18,7.29-10.39,10.88-12.58,6.98-8.28,15.48-18.18,6.49-6.89,16.18-20.58,7.88-10.28,22.68-31.38,8.69-9.09,17.98-27.68,12.88-18.88,13.03-14.98,22.28-23.98,41.68-41.68,23.98-23.98,15.38-19.38,20.98-25.98,27.98-31.98
6.98-9.88,10.96-14.96,8.68-11.88,8.98-12.78,11.88-15.48,15.01-17.88,11.68-13.38,16.88-18.18,7.45-9.28,24.28-26.18,7.00-8.54
5.28-7.18,7.28-11.38,6.58-8.18
368.00-378.00,358.80-358.80,168.00-168.00
15.28-18.18,15.08-15.08
9.98-14.30,18.88-27.33,17.98-26.98,15.49-18.89,9.99-13.59,16.98-24.83,23.88-37.58,9.98-13.88,55.80-84.18,9.59-13.39,53.00-86.80,13.98-19.98,162.80-235.00,46.80-46.80,23.80-25.40,5.98-8.75,42.80-42.80,23.48-26.78,52.50-64.50,158.00-168.00,45.80-45.80,13.88-18.88,15.18-19.38,79.80-126.80
9.98-13.98,6.89-11.59,11.88-18.98,16.88-22.88,6.98-10.43,8.98-13.98,10.98-12.58,18.88-25.38,12.88-16.11,15.58-29.68,4.60-6.00,14.78-20.18,19.58-23.58,26.88-30.88
16.28-20.08
10.28-10.28,10.28-10.98,5.29-5.29,7.98-7.98
350.00-350.00,550.00-550.00
9.99-16.14,8.99-12.59,17.79-24.79,12.99-15.99,15.49-22.99,7.79-9.99,7.79-10.99,17.99-25.29
13.98-22.98,14.78-24.96,10.28-24.56,8.68-16.70,18.68-28.98,8.98-21.38,8.98-20.48,15.67-24.90,17.98-27.68,16.58-23.03,9.38-19.00,30.28-41.68,29.98-39.98,12.87-18.17,31.68-45.98,21.90-33.90
15.98-22.58,34.98-39.98,12.98-18.58,9.98-13.98,27.98-30.98,32.80-42.00,28.00-28.00
22.38-28.58,27.08-33.08,19.18-23.38,20.48-24.78
7.88-11.58,8.88-13.58,12.80-13.80,8.98-9.78,13.48-14.98
6.39-10.59,6.99-11.99,5.50-6.69,7.99-12.59
13.98-24.98,15.48-21.98,13.98-23.98,21.98-31.98,21.98-26.98,41.80-69.80,12.98-18.98
16.98-17.98,14.98-15.98
24.90-33.90
16.98-17.08,15.28-17.18,12.68-13.78,11.68-11.88,5.70-6.38,11.58-11.78,4.69-5.28,10.68-10.98,3.59-3.74,4.39-4.98,3.89-4.04
15.88-16.88
15.00-15.00,17.00-17.00
26.57-41.98,77.29-100.00,73.39-117.49
28.98-35.78,29.88-32.88
21.88-36.68
15.28-19.88
36.29-47.09,26.48-38.58,63.39-83.39,37.29-50.59,28.69-38.09,30.43-43.99,44.39-55.69,49.99-104.39,89.19-128.58,52.79-60.59,31.59-40.39,39.99-46.19,73.80-79.80,79.80-79.80,72.80-72.80
8.58-13.48,4.28-5.88,5.68-8.28,5.88-7.98,4.28-5.58,3.56-4.88,4.58-6.28,3.68-5.38,3.23-3.66,2.88-3.88,4.18-5.45,3.98-4.98,3.49-3.79,10.80-11.98,8.38-9.01,3.38-3.68,3.66-3.99,5.58-5.58
16.98-19.28,14.80-17.50,12.58-14.78,17.58-21.38,19.18-25.88,21.98-23.98,25.68-25.68
35.80-52.60,46.80-62.40,36.80-52.60,44.80-52.60
17.88-28.48,14.48-22.48,8.38-13.58,11.18-15.48,9.98-13.48
14.68-19.88,18.99-28.88
6.99-11.89,4.98-8.78,3.99-4.69,5.69-8.08,5.98-8.58
20.68-22.68
11.58-12.78,11.99-16.19,20.28-27.28,4.99-7.39,8.49-11.59,11.98-15.48,10.98-14.68,13.38-16.98,9.98-14.18,10.58-13.68,9.68,16.99-21.99,16.18-20.58,29.88-32.98,17.28-19.88,22.28-25.68,9.09-11.99,17.38-19.88,17.28-21.98,12.99-15.59,25.60-38.78,15.78-17.88,7.29-9.99,37.80-64.88,21.18-24.98,39.60-49.00
16.99-24.59,22.99-32.99,15.49-21.99,8.99-12.29,11.49-15.99,7.99-9.99,16.49-18.99,9.99-13.99,6.29-7.99,13.99-17.99,17.99-20.99,39.99-39.99,15.99-17.99,7.49-9.99,142.00-142.00,150.00-150.00,36.60-36.60,150.00-150.00,59.90-69.90,52.60-52.60,54.99-59.99
14.97-23.87,16.99-21.59,18.99-27.59,10.69-14.19,9.48-11.89,8.38-10.28,10.68-15.68,21.68-26.58,23.47-26.47,19.98-27.98,8.49-10.59
7.88-12.08,9.78-13.58,6.38-9.88,8.48-12.38,5.98-11.28,6.48-8.48
10.99-15.09,13.59-14.79,13.59-17.59
14.68-19.98,22.99-40.99
13.99-16.49,14.79-15.59
90.80-180.00
33.38-46.98,26.48-38.98,47.98-56.98,38.18-43.98,22.78-35.68,35.88-37.78,38.98-54.98,75.48-80.80,106.00-115.00,60.00-60.00
13.59-32.59,11.84-17.00,14.39-32.49,27.57-34.69
6.69-10.69,8.39-12.59,3.49-4.04,7.49-8.99,3.09-3.59,4.09-5.39,11.98-13.68,2.89-3.09,17.98-17.98,9.68-12.98,6.38-6.58
12.18-20.18,8.88-14.08
4.99-7.58,8.98-12.98,4.99-12.99,10.99-25.58,9.99-12.99,19.68-21.88
27.98-27.98,38.80-78.80
11.98-14.48,11.28-11.98,12.98-12.98
18.00-18.00,10.88-10.88,12.98-12.98,13.98-14.78,21.99-21.99
43.00-43.00
9.38-11.98
7.98-13.78,10.68-15.58,6.98-12.38,5.49-7.58,3.78-5.08,11.39-12.59
10.87-15.99,5.07-8.77,8.79-14.19,8.98-14.58,8.58-13.98,16.98-17.98
8.48-19.88,6.98-10.08,5.60-7.58
